trial_id,attempt_index,condition,eligible,successful,terminal_outcome,failure_codes,harness_boundary_latency_ms
p3f-001,1,onset-fd-transcript,false,false,phase3_capture_complete_pending_classification,agent_never_spoke|stimulus_started_without_agent_audio,
p3f-002,2,onset-fd-vad,true,true,phase3_capture_complete_pending_classification,,420.518958
p3f-003,3,onset-fd-vad,true,true,phase3_capture_complete_pending_classification,,440.332375
p3f-004,4,onset-fd-transcript,true,true,phase3_capture_complete_pending_classification,,861.265416
p3f-005,5,onset-fd-vad,false,false,phase3_capture_complete_pending_classification,agent_never_spoke|stimulus_started_without_agent_audio,
p3f-006,6,onset-fd-transcript,true,true,phase3_capture_complete_pending_classification,,680.395791
p3f-007,7,onset-fd-vad,true,false,post_stimulus_response_not_observed,call_transport_failure,
p3f-008,8,onset-fd-transcript,true,false,post_stimulus_echo_detected,call_transport_failure,
p3f-009,9,onset-fd-vad,true,true,phase3_capture_complete_pending_classification,,442.653
p3f-010,10,onset-fd-transcript,false,false,post_stimulus_echo_detected,agent_never_spoke|call_transport_failure|stimulus_started_without_agent_audio,
p3f-011,11,onset-fd-vad,true,true,phase3_capture_complete_pending_classification,,480.297209
p3f-012,12,onset-fd-transcript,true,true,phase3_capture_complete_pending_classification,,1938.719708
p3f-013,13,onset-fd-vad,true,true,phase3_capture_complete_pending_classification,,501.58025
p3f-014,14,onset-fd-transcript,true,true,phase3_capture_complete_pending_classification,,921.341041
p3f-015,15,onset-fd-vad,true,true,phase3_capture_complete_pending_classification,,299.448666
p3f-016,16,onset-fd-transcript,false,false,phase3_capture_complete_pending_classification,agent_never_spoke|caller_turn_duplicated|stimulus_started_without_agent_audio,
p3f-017,17,onset-fd-vad,true,true,phase3_capture_complete_pending_classification,,360.713792
p3f-018,18,onset-fd-transcript,true,true,phase3_capture_complete_pending_classification,,881.097292
p3f-019,19,onset-fd-transcript,true,true,phase3_capture_complete_pending_classification,,1040.686084
p3f-020,20,onset-fd-vad,true,false,post_stimulus_echo_detected,call_transport_failure,
p3f-021,21,onset-fd-transcript,true,true,phase3_capture_complete_pending_classification,,1559.675959
p3f-022,22,onset-fd-transcript,false,false,phase3_capture_complete_pending_classification,agent_never_spoke|stimulus_started_without_agent_audio,
p3f-023,23,onset-fd-vad,true,true,phase3_capture_complete_pending_classification,,380.746083
p3f-024,24,onset-fd-vad,true,true,phase3_capture_complete_pending_classification,,559.656458
p3f-025,25,onset-fd-transcript,true,true,phase3_capture_complete_pending_classification,,1399.256
p3f-026,26,onset-fd-vad,true,true,phase3_capture_complete_pending_classification,,720.589959
p3f-027,27,onset-fd-transcript,true,true,phase3_capture_complete_pending_classification,,1041.994917
p3f-028,28,onset-fd-vad,true,true,phase3_capture_complete_pending_classification,,421.72525
p3f-029,29,onset-fd-transcript,true,false,post_stimulus_echo_detected,call_transport_failure,
p3f-030,30,onset-fd-vad,false,false,phase3_capture_complete_pending_classification,agent_never_spoke|stimulus_started_without_agent_audio,
p3f-031,31,onset-fd-transcript,true,true,phase3_capture_complete_pending_classification,,1020.771208
p3f-032,32,onset-fd-vad,true,true,phase3_capture_complete_pending_classification,,400.819208
p3f-033,33,onset-fd-vad,true,true,phase3_capture_complete_pending_classification,,340.585709
p3f-034,34,onset-fd-vad,true,true,phase3_capture_complete_pending_classification,,359.551875
p3f-035,35,onset-fd-transcript,false,false,phase3_capture_complete_pending_classification,agent_never_spoke|stimulus_started_without_agent_audio,
p3f-036,36,onset-fd-transcript,true,true,phase3_capture_complete_pending_classification,,700.487
p3f-037,37,onset-fd-transcript,false,false,phase3_capture_complete_pending_classification,agent_never_spoke|stimulus_started_without_agent_audio|trigger_not_observed,
p3f-038,38,onset-fd-vad,true,true,phase3_capture_complete_pending_classification,,320.438375
p3f-039,39,onset-fd-transcript,true,true,phase3_capture_complete_pending_classification,,1059.471
p3f-040,40,onset-fd-vad,true,true,phase3_capture_complete_pending_classification,,280.384791
p3f-041,41,onset-fd-vad,true,true,phase3_capture_complete_pending_classification,,360.601083
p3f-042,42,onset-fd-transcript,true,true,phase3_capture_complete_pending_classification,,840.54975
p3f-043,43,onset-fd-transcript,true,true,phase3_capture_complete_pending_classification,,1460.85225
p3f-044,44,onset-fd-vad,true,true,phase3_capture_complete_pending_classification,,380.106417
p3f-045,45,onset-fd-vad,true,true,phase3_capture_complete_pending_classification,,301.669459
p3f-046,46,onset-fd-vad,true,true,phase3_capture_complete_pending_classification,,260.239417
p3f-047,47,onset-fd-transcript,true,true,phase3_capture_complete_pending_classification,,820.662459
p3f-048,48,onset-fd-transcript,true,false,post_stimulus_echo_detected,call_transport_failure,
p3f-049,49,onset-fd-vad,true,true,phase3_capture_complete_pending_classification,,362.355958
p3f-050,50,onset-fd-transcript,true,true,phase3_capture_complete_pending_classification,,1101.620209
p3f-051,51,onset-fd-vad,true,false,post_stimulus_response_not_observed,call_transport_failure,
p3f-052,52,onset-fd-transcript,true,true,phase3_capture_complete_pending_classification,,1321.358125
p3f-053,53,onset-fd-vad,true,true,phase3_capture_complete_pending_classification,,360.032916
p3f-054,54,onset-fd-transcript,true,true,phase3_capture_complete_pending_classification,,1760.086292
p3f-055,55,onset-fd-vad,true,true,phase3_capture_complete_pending_classification,,420.887541
p3f-056,56,onset-fd-transcript,true,true,phase3_capture_complete_pending_classification,,920.157667
p3f-057,57,onset-fd-transcript,true,false,post_stimulus_response_not_observed,call_transport_failure,
p3f-058,58,onset-fd-vad,false,false,phase3_capture_complete_pending_classification,agent_never_spoke|stimulus_started_without_agent_audio,
p3f-059,59,onset-fd-transcript,true,true,phase3_capture_complete_pending_classification,,842.173916
p3f-060,60,onset-fd-vad,true,true,phase3_capture_complete_pending_classification,,320.233709
p3f-061,61,onset-fd-vad,true,true,phase3_capture_complete_pending_classification,,439.582417
p3f-062,62,onset-fd-transcript,true,false,post_stimulus_response_not_observed,call_transport_failure,
p3f-063,63,onset-fd-transcript,true,true,phase3_capture_complete_pending_classification,,1999.708042
p3f-064,64,onset-fd-vad,true,true,phase3_capture_complete_pending_classification,,400.498958
p3f-065,65,onset-fd-vad,true,true,phase3_capture_complete_pending_classification,,681.749083
p3f-066,66,onset-fd-vad,true,true,phase3_capture_complete_pending_classification,,380.90525
p3f-067,67,onset-fd-transcript,true,true,phase3_capture_complete_pending_classification,,1660.908875
p3f-068,68,onset-fd-transcript,true,true,phase3_capture_complete_pending_classification,,741.134833
p3f-069,69,onset-fd-vad,false,false,phase3_capture_complete_pending_classification,agent_never_spoke|stimulus_started_without_agent_audio,
p3f-070,70,onset-fd-transcript,true,true,phase3_capture_complete_pending_classification,,1079.735166
p3f-071,71,onset-fd-transcript,true,true,phase3_capture_complete_pending_classification,,1041.018083
p3f-072,72,onset-fd-vad,true,true,phase3_capture_complete_pending_classification,,440.632875
p3f-073,73,onset-fd-transcript,true,true,phase3_capture_complete_pending_classification,,1000.859042
p3f-074,74,onset-fd-vad,true,true,phase3_capture_complete_pending_classification,,461.373625
p3f-075,75,onset-fd-transcript,true,true,phase3_capture_complete_pending_classification,,600.86875
p3f-076,76,onset-fd-vad,true,true,phase3_capture_complete_pending_classification,,501.074333
p3f-077,77,onset-fd-transcript,true,true,phase3_capture_complete_pending_classification,,1620.782541
p3f-078,78,onset-fd-transcript,false,false,agent_audio_not_observed,acoustic_stop_not_found|agent_never_spoke|call_transport_failure|caller_turn_lost|instrumentation_failure|stimulus_delivery_failed|trigger_not_observed,
p3f-079,79,onset-fd-vad,false,false,phase3_capture_complete_pending_classification,agent_never_spoke|stimulus_started_without_agent_audio,
p3f-080,80,onset-fd-vad,true,true,phase3_capture_complete_pending_classification,,440.748416
